
delete from categories;
delete from topics;
delete from votes;


INSERT INTO categories (id, text) VALUES (1, 'world');
INSERT INTO categories (id, text) VALUES (2, 'politics');
INSERT INTO categories (id, text) VALUES (3, 'people');
INSERT INTO categories (id, text) VALUES (4, 'nature');
INSERT INTO categories (id, text) VALUES (5, 'kids');
INSERT INTO categories (id, text) VALUES (6, 'art');
INSERT INTO categories (id, text) VALUES (7, 'architecture');
INSERT INTO categories (id, text) VALUES (8, 'food');
INSERT INTO categories (id, text) VALUES (9, 'news');
INSERT INTO categories (id, text) VALUES (10,'food');
INSERT INTO categories (id, text) VALUES (11,'music');



INSERT INTO topics (id, date_created, text, token, category_id) VALUES (1, { ts '1950-01-26 00:00:00.00'}, 'is your room pink in color ? \n', '1475eace-926a-45ee-b954-e72bfbb98ae3', 4);
INSERT INTO topics (id, date_created, text, token, category_id) VALUES (2, { ts '1945-07-31 00:00:00.00'}, 'do you like chinese food ? \n', '8df15654-21f2-42ae-85f0-d7802c8a6d4c', 2);
INSERT INTO topics (id, date_created, text, token, category_id) VALUES (3, { ts '1936-05-16 00:00:00.00'}, 'do you like tattoos ? \n', 'a2873348-029b-4a84-86f5-932aa5f80331', 3);
INSERT INTO topics (id, date_created, text, token, category_id) VALUES (4, { ts '1964-07-07 00:00:00.00'}, 'do you have action figures in your rooms ? \n', '68f16361-2c7b-443d-8ef5-e984eb4b74c7', 6);
INSERT INTO topics (id, date_created, text, token, category_id) VALUES (5, { ts '1910-12-12 00:00:00.00'}, 'do you like watching GLEE ? \n', '9df64932-04b1-42e1-a57c-914f4046a533', 10);
INSERT INTO topics (id, date_created, text, token, category_id) VALUES (6, { ts '1944-03-01 00:00:00.00'}, 'Lorem ipsum ultricies class congue nunc donec maecenas porttitor volutpat lobortis.\n', '69c7e26a-7387-4c58-894f-3e43d91272c2', 3);
INSERT INTO topics (id, date_created, text, token, category_id) VALUES (7, { ts '1990-01-13 00:00:00.00'}, 'Lorem ipsum libero gravida nibh, neque sodales penatibus maecenas pharetra.\n', 'eea7e104-3014-47b0-9ea2-1f107c960d88', 8);
INSERT INTO topics (id, date_created, text, token, category_id) VALUES (8, { ts '1989-05-08 00:00:00.00'}, 'Lorem ipsum ut elementum odio duis adipiscing nascetur aptent bibendum.\n', 'dd0ef324-68f9-4355-badf-ed0ae89ca153', 9);
INSERT INTO topics (id, date_created, text, token, category_id) VALUES (9, { ts '1924-12-17 00:00:00.00'}, 'Lorem ipsum nascetur a nullam etiam facilisis tristique luctus nascetur purus.\n', '18254258-bb8f-4bf9-9f63-9a6100bf2ab7', 10);
INSERT INTO topics (id, date_created, text, token, category_id) VALUES (10,{ ts '1929-01-20 00:00:00.00'}, 'Lorem ipsum platea fames elit ridiculus consequat nec primis varius lorem.\n', '32d18247-f96b-42c4-a71f-66d0c1b40513', 3);
INSERT INTO topics (id, date_created, text, token, category_id) VALUES (11,{ ts '1927-01-06 00:00:00.00'}, 'Lorem ipsum aliquam curae; at at et lacinia est porta.\n', '8e4abe34-24ed-412d-8553-61825cc710ae', 5);
INSERT INTO topics (id, date_created, text, token, category_id) VALUES (12,{ ts '1988-12-17 00:00:00.00'}, 'Lorem ipsum cubilia nam nostra nec semper cubilia iaculis massa amet risus.\n', 'f816b08c-ee69-4253-8b07-4d20a63c4e22', 5);
INSERT INTO topics (id, date_created, text, token, category_id) VALUES (13,{ ts '1902-01-26 00:00:00.00'}, 'Lorem ipsum facilisis dapibus dictumst viverra orci lobortis elit aliquam vel.\n', 'd76e25fd-1d1c-43c3-a858-c11c261c4509', 10);
INSERT INTO topics (id, date_created, text, token, category_id) VALUES (14,{ ts '1989-10-14 00:00:00.00'}, 'Lorem ipsum sem cubilia faucibus etiam mollis non aliquet natoque habitant pulvinar.\n', '380d6a44-7f5c-4009-a5c0-e1ecce21e1f1', 4);
INSERT INTO topics (id, date_created, text, token, category_id) VALUES (15,{ ts '1921-04-14 00:00:00.00'}, 'Lorem ipsum morbi vehicula varius euismod sociis tortor tellus amet risus quis euismod quam.\n', 'ceb37d0f-c748-4f9c-8fda-e8a06f3b74ef', 5);
INSERT INTO topics (id, date_created, text, token, category_id) VALUES (16,{ ts '1915-10-24 00:00:00.00'}, 'Lorem ipsum proin hac interdum felis venenatis tortor dis orci tempor ligula.\n', '7d533921-c277-43b5-b437-7df0d9045db2', 9);
INSERT INTO topics (id, date_created, text, token, category_id) VALUES (17,{ ts '1997-07-21 00:00:00.00'}, 'Lorem ipsum sociis et, sollicitudin cursus mattis nam ad congue primis proin nisl pretium.\n', '560db7ca-3ded-4a1e-96ce-cf1d7a382276', 10);
INSERT INTO topics (id, date_created, text, token, category_id) VALUES (18,{ ts '1909-06-25 00:00:00.00'}, 'Lorem ipsum integer tellus auctor sodales tortor lobortis molestie molestie elit diam.\n', '0af1b0a1-6e3a-46b1-a962-5893336cb12d', 6);
INSERT INTO topics (id, date_created, text, token, category_id) VALUES (19,{ ts '1941-01-14 00:00:00.00'}, 'Lorem ipsum eros nisl imperdiet at proin lorem aliquam mus porta laoreet suspendisse suscipit.\n', '10950229-dde9-4d0b-b38a-b521d298180b', 2);
INSERT INTO topics (id, date_created, text, token, category_id) VALUES (20,{ ts '1956-02-18 00:00:00.00'}, 'Lorem ipsum est faucibus consequat, scelerisque leo justo bibendum felis duis mus fames.\n', '3c073b1d-c9e8-43ef-b9b3-271d15f76f9a', 9);
INSERT INTO topics (id, date_created, text, token, category_id) VALUES (21,{ ts '1902-10-02 00:00:00.00'}, 'Lorem ipsum conubia metus nam litora fames tempus ligula sit vel.\n', '4668bce6-9c1a-4de1-9db9-77023c4ae4ff', 5);
INSERT INTO topics (id, date_created, text, token, category_id) VALUES (22,{ ts '1965-01-15 00:00:00.00'}, 'Lorem ipsum turpis tempor facilisi nostra inceptos neque at non ante consectetur taciti.\n', '885e56b2-8910-4b62-9251-3983187e63d7', 8);
INSERT INTO topics (id, date_created, text, token, category_id) VALUES (23,{ ts '1932-11-25 00:00:00.00'}, 'Lorem ipsum in placerat habitant nascetur dignissim facilisi eleifend diam class.\n', 'dc3441bc-b253-45ef-ba33-46b9cb49b161', 5);
INSERT INTO topics (id, date_created, text, token, category_id) VALUES (24,{ ts '2006-06-09 00:00:00.00'}, 'Lorem ipsum magnis platea metus penatibus vel condimentum vitae natoque nulla tempus?\n', '7a6be6bf-cf95-4155-bb0e-bd5de4d2a747', 8);
INSERT INTO topics (id, date_created, text, token, category_id) VALUES (25,{ ts '1922-04-05 00:00:00.00'}, 'Lorem ipsum lacus diam eleifend libero pulvinar lobortis placerat rutrum quis dapibus.\n', 'ab29fb54-37cf-4c44-bfde-d378ba5afbb6', 1);
INSERT INTO topics (id, date_created, text, token, category_id) VALUES (26,{ ts '1996-12-10 00:00:00.00'}, 'Lorem ipsum dictumst fermentum rhoncus tortor est nostra ad cubilia curabitur et aliquet dignissim.\n', 'cf80fdd3-91c0-44c4-8026-4aa3f5677c59', 8);
INSERT INTO topics (id, date_created, text, token, category_id) VALUES (27,{ ts '1942-09-26 00:00:00.00'}, 'Lorem ipsum dui, nec montes aptent platea sodales iaculis a auctor amet lorem sit.\n', '70742d94-6170-49a4-8bf8-dceed07727bb', 7);
INSERT INTO topics (id, date_created, text, token, category_id) VALUES (28,{ ts '1960-06-19 00:00:00.00'}, 'Lorem ipsum dui justo rutrum libero inceptos fames taciti senectus hendrerit neque.\n', '910fc381-0d43-4aa7-a495-e0d92280a7cc', 3);
INSERT INTO topics (id, date_created, text, token, category_id) VALUES (29,{ ts '1961-12-22 00:00:00.00'}, 'Lorem ipsum urna adipiscing justo rhoncus sagittis feugiat habitasse posuere.\n', '37fb8925-480f-4de8-85cf-7b2597a1eee8', 4);
INSERT INTO topics (id, date_created, text, token, category_id) VALUES (30,{ ts '1913-11-14 00:00:00.00'}, 'Lorem ipsum metus ante malesuada lobortis porttitor class dis neque auctor nostra.\n', '59eb2db3-6683-46f9-8d56-fa34384be205', 5);
INSERT INTO topics (id, date_created, text, token, category_id) VALUES (31,{ ts '2002-02-05 00:00:00.00'}, 'Lorem ipsum velit metus sit augue quis sodales cras enim lacinia risus libero maecenas.\n', 'b040daa2-e38d-4559-9558-4913a22f50f3', 10);
INSERT INTO topics (id, date_created, text, token, category_id) VALUES (32,{ ts '1964-12-22 00:00:00.00'}, 'Lorem ipsum neque himenaeos feugiat erat eget sociis himenaeos enim dolor.\n', '7b612465-6e31-4f18-a3e9-cca92832eb71', 3);
INSERT INTO topics (id, date_created, text, token, category_id) VALUES (33,{ ts '2009-05-03 00:00:00.00'}, 'Lorem ipsum suscipit commodo suscipit curae; platea mollis lorem feugiat?\n', '62517984-8595-499b-b8ab-b2acfc6ea94e', 3);
INSERT INTO topics (id, date_created, text, token, category_id) VALUES (34,{ ts '1953-03-19 00:00:00.00'}, 'Lorem ipsum per tristique tristique sodales malesuada risus ornare sociis sociosqu.\n', '3c96c1e0-fede-4427-84c0-1c540556eed2', 2);
INSERT INTO topics (id, date_created, text, token, category_id) VALUES (35,{ ts '1962-12-07 00:00:00.00'}, 'Lorem ipsum nisl himenaeos nam feugiat taciti nunc montes, sociosqu felis montes.\n', '960d9ee5-0495-43d2-875e-45a86c70a472', 7);
INSERT INTO topics (id, date_created, text, token, category_id) VALUES (36,{ ts '1975-05-16 00:00:00.00'}, 'Lorem ipsum duis leo iaculis penatibus nisl auctor suscipit orci urna blandit.\n', 'db19373b-0690-4123-b297-63064dedd0ca', 11);
INSERT INTO topics (id, date_created, text, token, category_id) VALUES (37,{ ts '1952-10-11 00:00:00.00'}, 'Lorem ipsum erat non lorem condimentum id lorem orci nam ut eros purus litora!\n', '6d54a4eb-0157-437c-90a1-5016f06e0790', 7);
INSERT INTO topics (id, date_created, text, token, category_id) VALUES (38,{ ts '1921-08-17 00:00:00.00'}, 'Lorem ipsum aenean vehicula netus diam eget consectetur nam tempus aenean donec blandit?\n', '5a38ebc7-7c52-4df1-ab41-9eabff560194', 5);
INSERT INTO topics (id, date_created, text, token, category_id) VALUES (39,{ ts '2000-06-08 00:00:00.00'}, 'Lorem ipsum fusce habitant eleifend imperdiet inceptos enim fermentum himenaeos donec at euismod eu.\n', '3ad70912-3cbe-4018-862f-406e6859ca73', 9);
INSERT INTO topics (id, date_created, text, token, category_id) VALUES (40,{ ts '1927-05-27 00:00:00.00'}, 'Lorem ipsum feugiat pharetra eleifend feugiat, luctus mi magnis ante.\n', 'ae1d792d-5089-420a-a1b2-0f8a4042902f', 4);
INSERT INTO topics (id, date_created, text, token, category_id) VALUES (41,{ ts '1965-04-05 00:00:00.00'}, 'Lorem ipsum nam lectus accumsan mauris morbi cras scelerisque montes, ut commodo!\n', 'be6b23c2-5dc9-4935-8778-40c68dbf1c62', 10);
INSERT INTO topics (id, date_created, text, token, category_id) VALUES (42,{ ts '1901-11-26 00:00:00.00'}, 'Lorem ipsum facilisis hac luctus nisl non hac purus lacinia imperdiet ut?\n', 'fd1abb83-0a2e-432a-8b84-30e3aef11f0d', 7);
INSERT INTO topics (id, date_created, text, token, category_id) VALUES (43,{ ts '1920-09-02 00:00:00.00'}, 'Lorem ipsum molestie taciti, feugiat dictum hendrerit rutrum sit ad lorem!\n', 'c792b076-f835-4ae4-b9f3-b3f49fc0e24a', 11);
INSERT INTO topics (id, date_created, text, token, category_id) VALUES (44,{ ts '1989-12-16 00:00:00.00'}, 'Lorem ipsum semper morbi etiam penatibus sollicitudin quis dapibus porta hendrerit.\n', 'f6e83531-0c0b-4e07-a33b-f45551df0c9a', 8);
INSERT INTO topics (id, date_created, text, token, category_id) VALUES (45,{ ts '1951-09-08 00:00:00.00'}, 'Lorem ipsum varius lacus suscipit donec amet justo phasellus, habitasse aptent euismod pellentesque.\n', '97355ea7-6d79-49f8-a486-abf403d7ae56', 1);
INSERT INTO topics (id, date_created, text, token, category_id) VALUES (46,{ ts '2013-06-09 00:00:00.00'}, 'Lorem ipsum sapien porta, pellentesque ipsum donec netus condimentum volutpat.\n', '00aa8dd5-ea9f-4a1a-95bb-623b90ea698e', 5);
INSERT INTO topics (id, date_created, text, token, category_id) VALUES (47,{ ts '1927-12-26 00:00:00.00'}, 'Lorem ipsum convallis iaculis nibh iaculis, donec hac arcu dictumst sed nisl id.\n', '3acbd14c-f1ea-46b1-b78b-1a2a969a5656', 7);
INSERT INTO topics (id, date_created, text, token, category_id) VALUES (48,{ ts '1914-12-18 00:00:00.00'}, 'Lorem ipsum facilisi tellus sem congue nisi pellentesque nisi rutrum inceptos tristique auctor.\n', 'f6e2e8ac-af42-4459-84c5-6707e72c7377', 5);
INSERT INTO topics (id, date_created, text, token, category_id) VALUES (49,{ ts '1942-02-14 00:00:00.00'}, 'Lorem ipsum pretium malesuada condimentum dolor dis morbi dignissim sociis interdum purus feugiat egestas.\n', '65aa70ef-60d8-489b-b2ea-b27e8e5306ec', 7);
INSERT INTO topics (id, date_created, text, token, category_id) VALUES (50,{ ts '1923-01-03 00:00:00.00'}, 'Lorem ipsum non id a dignissim sociis quam tempus diam varius condimentum nullam posuere?\n', '46c616f0-667c-4a2d-b46b-8916b2d09127', 2);
INSERT INTO topics (id, date_created, text, token, category_id) VALUES (51,{ ts '1938-01-10 00:00:00.00'}, 'Lorem ipsum imperdiet ornare tristique quis viverra donec ut nisi.\n', 'de52b720-1699-4c3f-90a3-1d534f4268fc', 10);
INSERT INTO topics (id, date_created, text, token, category_id) VALUES (52,{ ts '2008-10-16 00:00:00.00'}, 'Lorem ipsum varius aenean et eleifend nisi odio at molestie sodales leo eros nulla.\n', '1b38f35f-7455-45bc-b805-fe0d60fb7ff4', 3);
INSERT INTO topics (id, date_created, text, token, category_id) VALUES (53,{ ts '2013-05-19 00:00:00.00'}, 'Lorem ipsum euismod malesuada arcu sodales ullamcorper integer senectus dignissim sed auctor quisque ornare!\n', '09f16cab-af49-4f3f-a7bd-21cd89d494bd', 10);
INSERT INTO topics (id, date_created, text, token, category_id) VALUES (54,{ ts '1956-08-28 00:00:00.00'}, 'Lorem ipsum posuere integer nisl gravida semper lacus dui ut eleifend!\n', '7caa5e29-0771-4202-9fbe-dbdc8c749a2f', 8);
INSERT INTO topics (id, date_created, text, token, category_id) VALUES (55,{ ts '1904-10-16 00:00:00.00'}, 'Lorem ipsum maecenas non sodales semper natoque litora fermentum dignissim dignissim habitasse egestas.\n', '21158114-e839-4bd6-980a-8726d45db0c1', 8);
INSERT INTO topics (id, date_created, text, token, category_id) VALUES (56,{ ts '1912-05-24 00:00:00.00'}, 'Lorem ipsum sagittis egestas nascetur integer sem lectus torquent mollis sociosqu dapibus elit senectus.\n', 'f814e443-e04f-4ac3-a7cf-e05bfc659055', 11);
INSERT INTO topics (id, date_created, text, token, category_id) VALUES (57,{ ts '1979-09-04 00:00:00.00'}, 'Lorem ipsum tellus euismod cras gravida porta tempus posuere feugiat, auctor himenaeos in.\n', '565e87e7-aa76-4554-a706-3d5f0bd37265', 10);
INSERT INTO topics (id, date_created, text, token, category_id) VALUES (58,{ ts '1965-03-19 00:00:00.00'}, 'Lorem ipsum dui nascetur erat luctus blandit scelerisque semper mus.\n', 'a8bc028b-a48d-42e8-9eea-cf5338e52459', 3);
INSERT INTO topics (id, date_created, text, token, category_id) VALUES (59,{ ts '1975-11-02 00:00:00.00'}, 'Lorem ipsum varius ultricies congue montes justo auctor vehicula aliquam rutrum.\n', '2aa3486e-3cfc-416c-93ca-1b48fe510d90', 8);
INSERT INTO topics (id, date_created, text, token, category_id) VALUES (60,{ ts '1975-11-09 00:00:00.00'}, 'Lorem ipsum mollis cubilia amet rutrum erat faucibus torquent imperdiet bibendum interdum?\n', 'c54f404a-5cf9-480d-9810-a79574124039', 9);
INSERT INTO topics (id, date_created, text, token, category_id) VALUES (61,{ ts '1927-09-23 00:00:00.00'}, 'Lorem ipsum ultrices accumsan et euismod magna dis sociis eros.\n', '81acc212-657b-47b4-8cc3-f1283f72ac23', 3);
INSERT INTO topics (id, date_created, text, token, category_id) VALUES (62,{ ts '1967-08-17 00:00:00.00'}, 'Lorem ipsum ad, quam euismod cubilia eu sed bibendum mi.\n', 'c9fb43bc-734d-4362-a6c4-00fff8ed77a5', 7);
INSERT INTO topics (id, date_created, text, token, category_id) VALUES (63,{ ts '1993-09-08 00:00:00.00'}, 'Lorem ipsum vitae venenatis felis ante velit viverra elit per amet fringilla auctor.\n', '5422ae6b-4d97-429f-8aa1-fe9db0d4ce2b', 9);
INSERT INTO topics (id, date_created, text, token, category_id) VALUES (64,{ ts '1928-01-25 00:00:00.00'}, 'Lorem ipsum sed, duis nullam a hac netus integer blandit.\n', 'd8ba8eb0-6225-4fa0-95b0-e44199232107', 6);
INSERT INTO topics (id, date_created, text, token, category_id) VALUES (65,{ ts '1991-03-05 00:00:00.00'}, 'Lorem ipsum curae; sed facilisi nascetur natoque consequat aptent litora eu.\n', '430c2ef8-a19e-4a75-96fe-0518f1d982e9', 11);
INSERT INTO topics (id, date_created, text, token, category_id) VALUES (66,{ ts '1974-07-09 00:00:00.00'}, 'Lorem ipsum diam nam iaculis phasellus ligula, ante dictum malesuada quisque montes donec.\n', 'b71ae940-07fb-4e95-b3c7-fb5eb32fe045', 5);
INSERT INTO topics (id, date_created, text, token, category_id) VALUES (67,{ ts '1912-01-06 00:00:00.00'}, 'Lorem ipsum fermentum purus maecenas sollicitudin inceptos a suspendisse scelerisque elementum duis orci.\n', '22c689c9-cc40-4e45-8677-8f2a8bbe631a', 7);
INSERT INTO topics (id, date_created, text, token, category_id) VALUES (68,{ ts '1986-11-15 00:00:00.00'}, 'Lorem ipsum venenatis, tempor sed nibh aliquam urna ridiculus diam felis.\n', '208f6199-ea3f-42c0-ac01-7930d6a3ad70', 7);
INSERT INTO topics (id, date_created, text, token, category_id) VALUES (69,{ ts '1929-10-29 00:00:00.00'}, 'Lorem ipsum cursus mollis conubia sollicitudin primis proin facilisi rhoncus etiam viverra dis nisl.\n', '55d3dca7-b6aa-406e-bf21-bbe0cf3dac0d', 2);
INSERT INTO topics (id, date_created, text, token, category_id) VALUES (70,{ ts '2007-11-05 00:00:00.00'}, 'Lorem ipsum quisque bibendum convallis vel aptent purus nec ipsum fames.\n', '0d6179c0-a35e-4c52-8896-f57a025b5ac2', 2);
INSERT INTO topics (id, date_created, text, token, category_id) VALUES (71,{ ts '1902-07-28 00:00:00.00'}, 'Lorem ipsum auctor purus faucibus varius ultrices orci at justo parturient.\n', '7295cb24-4686-439c-b310-18a5db291c41', 10);
INSERT INTO topics (id, date_created, text, token, category_id) VALUES (72,{ ts '2009-10-27 00:00:00.00'}, 'Lorem ipsum himenaeos sagittis laoreet dis ipsum mus mi laoreet malesuada turpis faucibus.\n', '985031d4-9f8d-438c-b441-a9468319a122', 9);
INSERT INTO topics (id, date_created, text, token, category_id) VALUES (73,{ ts '1923-03-15 00:00:00.00'}, 'Lorem ipsum aliquet ultricies molestie litora vestibulum consectetur euismod pulvinar mollis.\n', '1adc61d0-625b-4ab4-8c60-34a94597b497', 11);
INSERT INTO topics (id, date_created, text, token, category_id) VALUES (74,{ ts '1954-12-10 00:00:00.00'}, 'Lorem ipsum ac erat scelerisque aptent dignissim congue commodo id.\n', 'e12c6a0b-36f8-4f9d-990c-b1fe7c4abe24', 9);
INSERT INTO topics (id, date_created, text, token, category_id) VALUES (75,{ ts '1907-10-18 00:00:00.00'}, 'Lorem ipsum non elit nulla volutpat magnis donec lorem lobortis elementum est inceptos.\n', '284ecbfc-9a0b-4032-87af-19048aa6c8bd', 1);
INSERT INTO topics (id, date_created, text, token, category_id) VALUES (76,{ ts '1985-10-16 00:00:00.00'}, 'Lorem ipsum massa nibh fusce rutrum commodo ridiculus egestas fermentum penatibus hendrerit sollicitudin molestie.\n', 'be8e1284-92ea-4ca1-8ee9-f73b14b97f40', 3);
INSERT INTO topics (id, date_created, text, token, category_id) VALUES (77,{ ts '1959-06-17 00:00:00.00'}, 'Lorem ipsum nulla enim tristique sagittis sem platea cum amet ligula fermentum velit.\n', '860ef5d4-8e16-4761-b425-f238c024ed5f', 6);
INSERT INTO topics (id, date_created, text, token, category_id) VALUES (78,{ ts '1945-06-24 00:00:00.00'}, 'Lorem ipsum accumsan torquent lacus duis himenaeos fermentum ac mus.\n', '4ada5d38-36f4-4450-897e-2d932a4738d5', 4);
INSERT INTO topics (id, date_created, text, token, category_id) VALUES (79,{ ts '1991-01-11 00:00:00.00'}, 'Lorem ipsum sapien condimentum est suscipit eget molestie elementum fringilla tincidunt litora penatibus himenaeos?\n', 'a60c7823-eb5c-403d-8fcc-560b1564bdd3', 1);
INSERT INTO topics (id, date_created, text, token, category_id) VALUES (80,{ ts '1917-06-02 00:00:00.00'}, 'Lorem ipsum eleifend, neque sapien congue faucibus aptent cras leo.\n', '64c82384-d766-48a9-b064-6d2b32f5c266', 4);
INSERT INTO topics (id, date_created, text, token, category_id) VALUES (81,{ ts '1978-12-11 00:00:00.00'}, 'Lorem ipsum feugiat sociosqu leo elit non laoreet in dapibus.\n', '81559f2b-234d-4fe5-82ec-6d93caf15276', 1);
INSERT INTO topics (id, date_created, text, token, category_id) VALUES (82,{ ts '1904-05-04 00:00:00.00'}, 'Lorem ipsum vitae maecenas class lorem tincidunt orci pretium, cum leo.\n', '2681f5e6-597e-4489-a892-edc702f590bb', 2);
INSERT INTO topics (id, date_created, text, token, category_id) VALUES (83,{ ts '1929-10-30 00:00:00.00'}, 'Lorem ipsum odio pellentesque in consectetur mi velit dui ridiculus sociosqu laoreet.\n', '7000b194-6753-4a2b-81bb-bf45d8db95be', 3);
INSERT INTO topics (id, date_created, text, token, category_id) VALUES (84,{ ts '1923-11-04 00:00:00.00'}, 'Lorem ipsum tempus a praesent praesent facilisis elit volutpat vel ridiculus.\n', 'a3e6b79c-a100-48d9-8c46-1926a0b95f05', 3);
INSERT INTO topics (id, date_created, text, token, category_id) VALUES (85,{ ts '2001-08-07 00:00:00.00'}, 'Lorem ipsum eleifend, ac pretium tristique litora ornare purus erat.\n', 'b2477837-53cc-4c1f-ac50-e4caf41488fd', 6);
INSERT INTO topics (id, date_created, text, token, category_id) VALUES (86,{ ts '1935-06-09 00:00:00.00'}, 'Lorem ipsum cras turpis convallis elementum ipsum parturient ligula habitant ad.\n', 'c43b69ec-f428-40ee-9a6b-7996dbb0538c', 5);
INSERT INTO topics (id, date_created, text, token, category_id) VALUES (87,{ ts '1925-11-26 00:00:00.00'}, 'Lorem ipsum duis class cursus commodo massa bibendum netus netus at?\n', '79b4e653-2d03-47c8-b885-274796a1f4c5', 4);
INSERT INTO topics (id, date_created, text, token, category_id) VALUES (88,{ ts '2007-04-05 00:00:00.00'}, 'Lorem ipsum gravida aptent, platea posuere consectetur euismod tellus aenean mauris.\n', '490af96d-595e-4069-a59d-4b6579dab319', 2);
INSERT INTO topics (id, date_created, text, token, category_id) VALUES (89,{ ts '1969-03-19 00:00:00.00'}, 'Lorem ipsum id iaculis proin tellus sodales luctus molestie condimentum dignissim.\n', '25dfcc5e-02c2-4408-9ed4-9cab93e35048', 11);
INSERT INTO topics (id, date_created, text, token, category_id) VALUES (90,{ ts '1905-12-02 00:00:00.00'}, 'Lorem ipsum blandit curabitur cubilia risus habitasse massa volutpat donec.\n', '6fe001c9-8973-4fbb-ab84-bf803ecc3eb6', 8);
INSERT INTO topics (id, date_created, text, token, category_id) VALUES (91,{ ts '1950-08-08 00:00:00.00'}, 'Lorem ipsum porttitor laoreet dapibus ullamcorper iaculis primis sodales in laoreet ultrices viverra.\n', '21378e4e-7704-4454-bd4e-a2371c7d2574', 8);
INSERT INTO topics (id, date_created, text, token, category_id) VALUES (92,{ ts '1934-09-27 00:00:00.00'}, 'Lorem ipsum pellentesque cum sociis nostra magnis tincidunt proin tempus eget magna!\n', 'fc760a7a-3f79-4735-9818-4ffba134fcc6', 8);
INSERT INTO topics (id, date_created, text, token, category_id) VALUES (93,{ ts '2002-02-09 00:00:00.00'}, 'Lorem ipsum pretium velit cursus id malesuada suspendisse nam aptent.\n', '83fdbc10-daac-435d-834f-c5bd51012c9f', 11);
INSERT INTO topics (id, date_created, text, token, category_id) VALUES (94,{ ts '1952-04-25 00:00:00.00'}, 'Lorem ipsum aptent tellus rutrum viverra pellentesque odio praesent sit porttitor at curae; commodo.\n', '341483d7-0fef-4d33-894e-9dccfb59e129', 7);
INSERT INTO topics (id, date_created, text, token, category_id) VALUES (95,{ ts '1978-12-06 00:00:00.00'}, 'Lorem ipsum ipsum tristique vehicula duis vivamus et taciti adipiscing fusce.\n', '901009f8-1a58-48ba-ba67-48f665a62f29', 8);
INSERT INTO topics (id, date_created, text, token, category_id) VALUES (96,{ ts '2003-01-29 00:00:00.00'}, 'Lorem ipsum varius vulputate quis morbi senectus himenaeos aliquam consectetur phasellus a metus habitasse?\n', '5bfcffcb-b1a5-4168-b659-c6a2bb399cf6', 5);
INSERT INTO topics (id, date_created, text, token, category_id) VALUES (97,{ ts '1923-03-14 00:00:00.00'}, 'Lorem ipsum vulputate ad pellentesque sodales parturient cum conubia potenti inceptos.\n', 'acf4b7c1-afa1-418c-ba90-647f17cc7777', 4);
INSERT INTO topics (id, date_created, text, token, category_id) VALUES (98,{ ts '1917-08-05 00:00:00.00'}, 'Lorem ipsum dui lobortis, sem euismod pretium adipiscing cursus morbi primis.\n', 'aa5cb610-d29e-4b91-86f6-fc0fa61c7661', 10);
INSERT INTO topics (id, date_created, text, token, category_id) VALUES (99,{ ts '1910-12-29 00:00:00.00'}, 'Lorem ipsum volutpat sollicitudin commodo consectetur convallis velit montes eros litora etiam.\n', '28627dd4-50b3-44b5-806b-49d6bb91a08f', 7);
INSERT INTO topics (id, date_created, text, token, category_id) VALUES (100{ ts, '1963-12-0 00:00:00.008}', 'Lorem ipsum accumsan, rhoncus inceptos pulvinar semper aptent risus facilisis sit fusce?\n', '8c55e680-2cfb-4833-9825-e6410e7dfe86', 10);



INSERT INTO votes (id, date_created, ip, selection, topic_id) VALUES (1, { ts '1928-08-17 00:00:00.00' }, '3.86.150.224', 1, 94);
INSERT INTO votes (id, date_created, ip, selection, topic_id) VALUES (2, { ts '1939-10-04 00:00:00.00' }, '91.114.43.52', 0, 2);
INSERT INTO votes (id, date_created, ip, selection, topic_id) VALUES (3, { ts '1929-11-01 00:00:00.00' }, '8.235.215.83', 1, 3);
INSERT INTO votes (id, date_created, ip, selection, topic_id) VALUES (4, { ts '1919-02-18 00:00:00.00' }, '204.247.198.4', 1, 3);
INSERT INTO votes (id, date_created, ip, selection, topic_id) VALUES (5, { ts '1968-10-08 00:00:00.00' }, '177.22.209.116', 1, 38);
INSERT INTO votes (id, date_created, ip, selection, topic_id) VALUES (6, { ts '1918-11-19 00:00:00.00' }, '184.201.179.99', 0, 6);
INSERT INTO votes (id, date_created, ip, selection, topic_id) VALUES (7, { ts '1989-06-04 00:00:00.00' }, '44.13.207.245', 1, 71);
INSERT INTO votes (id, date_created, ip, selection, topic_id) VALUES (8, { ts '1996-05-02 00:00:00.00' }, '188.50.88.53', 0, 10);
INSERT INTO votes (id, date_created, ip, selection, topic_id) VALUES (9, { ts '1941-01-13 00:00:00.00' }, '19.249.148.141', 0, 32);
INSERT INTO votes (id, date_created, ip, selection, topic_id) VALUES (10, { ts '1950-12-28 00:00:00.00'}, '160.10.168.254', 0, 15);
INSERT INTO votes (id, date_created, ip, selection, topic_id) VALUES (11, { ts '1952-01-16 00:00:00.00'}, '146.255.159.149', 0, 29);
INSERT INTO votes (id, date_created, ip, selection, topic_id) VALUES (12, { ts '1968-02-26 00:00:00.00'}, '39.179.145.35', 0, 44);
INSERT INTO votes (id, date_created, ip, selection, topic_id) VALUES (13, { ts '1996-10-11 00:00:00.00'}, '141.194.235.187', 0, 86);
INSERT INTO votes (id, date_created, ip, selection, topic_id) VALUES (14, { ts '1979-04-01 00:00:00.00'}, '193.86.106.80', 0, 58);
INSERT INTO votes (id, date_created, ip, selection, topic_id) VALUES (15, { ts '2009-09-05 00:00:00.00'}, '207.197.133.122', 1, 61);
INSERT INTO votes (id, date_created, ip, selection, topic_id) VALUES (16, { ts '1935-06-22 00:00:00.00'}, '15.161.248.198', 1, 37);
INSERT INTO votes (id, date_created, ip, selection, topic_id) VALUES (17, { ts '1907-03-20 00:00:00.00'}, '191.151.249.124', 1, 83);
INSERT INTO votes (id, date_created, ip, selection, topic_id) VALUES (18, { ts '1987-03-10 00:00:00.00'}, '220.22.41.230', 1, 64);
INSERT INTO votes (id, date_created, ip, selection, topic_id) VALUES (19, { ts '2006-12-23 00:00:00.00'}, '197.88.191.50', 1, 84);
INSERT INTO votes (id, date_created, ip, selection, topic_id) VALUES (20, { ts '1943-11-28 00:00:00.00'}, '64.16.51.207', 0, 94);
INSERT INTO votes (id, date_created, ip, selection, topic_id) VALUES (21, { ts '1918-08-23 00:00:00.00'}, '13.203.22.78', 0, 18);
INSERT INTO votes (id, date_created, ip, selection, topic_id) VALUES (22, { ts '1933-02-10 00:00:00.00'}, '98.61.160.224', 0, 66);
INSERT INTO votes (id, date_created, ip, selection, topic_id) VALUES (23, { ts '1951-10-31 00:00:00.00'}, '52.37.116.107', 1, 18);
INSERT INTO votes (id, date_created, ip, selection, topic_id) VALUES (24, { ts '2003-01-15 00:00:00.00'}, '209.134.2.78', 1, 84);
INSERT INTO votes (id, date_created, ip, selection, topic_id) VALUES (25, { ts '1989-04-06 00:00:00.00'}, '102.164.154.7', 0, 35);
INSERT INTO votes (id, date_created, ip, selection, topic_id) VALUES (26, { ts '1948-03-13 00:00:00.00'}, '20.127.8.233', 0, 12);
INSERT INTO votes (id, date_created, ip, selection, topic_id) VALUES (27, { ts '1986-03-01 00:00:00.00'}, '159.121.176.161', 1, 67);
INSERT INTO votes (id, date_created, ip, selection, topic_id) VALUES (28, { ts '1907-04-24 00:00:00.00'}, '209.168.159.10', 0, 18);
INSERT INTO votes (id, date_created, ip, selection, topic_id) VALUES (29, { ts '1931-02-22 00:00:00.00'}, '94.95.206.182', 0, 15);
INSERT INTO votes (id, date_created, ip, selection, topic_id) VALUES (30, { ts '1954-06-26 00:00:00.00'}, '137.148.135.114', 0, 62);
INSERT INTO votes (id, date_created, ip, selection, topic_id) VALUES (31, { ts '1903-12-31 00:00:00.00'}, '12.116.174.200', 1, 5);
INSERT INTO votes (id, date_created, ip, selection, topic_id) VALUES (32, { ts '1943-11-25 00:00:00.00'}, '180.34.98.65', 1, 37);
INSERT INTO votes (id, date_created, ip, selection, topic_id) VALUES (33, { ts '1999-10-08 00:00:00.00'}, '204.136.2.190', 0, 37);
INSERT INTO votes (id, date_created, ip, selection, topic_id) VALUES (34, { ts '1961-05-31 00:00:00.00'}, '22.52.135.1', 0, 88);
INSERT INTO votes (id, date_created, ip, selection, topic_id) VALUES (35, { ts '1952-04-06 00:00:00.00'}, '72.227.239.172', 0, 89);
INSERT INTO votes (id, date_created, ip, selection, topic_id) VALUES (36, { ts '1904-02-09 00:00:00.00'}, '85.110.50.234', 0, 35);
INSERT INTO votes (id, date_created, ip, selection, topic_id) VALUES (37, { ts '1927-05-28 00:00:00.00'}, '221.78.80.132', 1, 4);
INSERT INTO votes (id, date_created, ip, selection, topic_id) VALUES (38, { ts '1990-05-09 00:00:00.00'}, '215.164.107.246', 0, 29);
INSERT INTO votes (id, date_created, ip, selection, topic_id) VALUES (39, { ts '1977-02-26 00:00:00.00'}, '42.18.51.69', 1, 46);
INSERT INTO votes (id, date_created, ip, selection, topic_id) VALUES (40, { ts '2005-06-04 00:00:00.00'}, '185.22.24.102', 1, 27);
INSERT INTO votes (id, date_created, ip, selection, topic_id) VALUES (41, { ts '2013-11-12 00:00:00.00'}, '20.103.8.122', 0, 54);
INSERT INTO votes (id, date_created, ip, selection, topic_id) VALUES (42, { ts '1988-11-24 00:00:00.00'}, '194.217.175.147', 0, 76);
INSERT INTO votes (id, date_created, ip, selection, topic_id) VALUES (43, { ts '1991-03-17 00:00:00.00'}, '94.24.147.238', 0, 80);
INSERT INTO votes (id, date_created, ip, selection, topic_id) VALUES (44, { ts '1953-03-05 00:00:00.00'}, '220.171.131.247', 1, 43);
INSERT INTO votes (id, date_created, ip, selection, topic_id) VALUES (45, { ts '1975-03-25 00:00:00.00'}, '178.147.225.198', 0, 62);
INSERT INTO votes (id, date_created, ip, selection, topic_id) VALUES (46, { ts '1920-08-22 00:00:00.00'}, '116.141.44.251', 0, 87);
INSERT INTO votes (id, date_created, ip, selection, topic_id) VALUES (47, { ts '1993-12-23 00:00:00.00'}, '109.47.86.161', 0, 54);
INSERT INTO votes (id, date_created, ip, selection, topic_id) VALUES (48, { ts '1949-03-09 00:00:00.00'}, '134.20.206.84', 1, 83);
INSERT INTO votes (id, date_created, ip, selection, topic_id) VALUES (49, { ts '1914-01-25 00:00:00.00'}, '89.247.41.83', 0, 98);
INSERT INTO votes (id, date_created, ip, selection, topic_id) VALUES (50, { ts '2013-01-05 00:00:00.00'}, '72.37.65.37', 0, 38);
INSERT INTO votes (id, date_created, ip, selection, topic_id) VALUES (51, { ts '1980-02-01 00:00:00.00'}, '51.242.36.55', 0, 75);
INSERT INTO votes (id, date_created, ip, selection, topic_id) VALUES (52, { ts '1952-01-31 00:00:00.00'}, '161.253.182.129', 0, 31);
INSERT INTO votes (id, date_created, ip, selection, topic_id) VALUES (53, { ts '1912-01-21 00:00:00.00'}, '88.143.237.117', 1, 18);
INSERT INTO votes (id, date_created, ip, selection, topic_id) VALUES (54, { ts '1970-08-20 00:00:00.00'}, '22.133.93.81', 0, 85);
INSERT INTO votes (id, date_created, ip, selection, topic_id) VALUES (55, { ts '1995-05-09 00:00:00.00'}, '216.137.70.221', 1, 23);
INSERT INTO votes (id, date_created, ip, selection, topic_id) VALUES (56, { ts '2006-02-07 00:00:00.00'}, '148.25.226.66', 1, 66);
INSERT INTO votes (id, date_created, ip, selection, topic_id) VALUES (57, { ts '1957-09-25 00:00:00.00'}, '98.173.17.93', 1, 89);
INSERT INTO votes (id, date_created, ip, selection, topic_id) VALUES (58, { ts '1985-10-10 00:00:00.00'}, '136.15.22.6', 0, 82);
INSERT INTO votes (id, date_created, ip, selection, topic_id) VALUES (59, { ts '1990-09-26 00:00:00.00'}, '91.194.75.118', 1, 83);
INSERT INTO votes (id, date_created, ip, selection, topic_id) VALUES (60, { ts '1991-08-13 00:00:00.00'}, '33.12.48.69', 1, 30);
INSERT INTO votes (id, date_created, ip, selection, topic_id) VALUES (61, { ts '1968-03-24 00:00:00.00'}, '19.140.17.86', 0, 33);
INSERT INTO votes (id, date_created, ip, selection, topic_id) VALUES (62, { ts '1948-12-17 00:00:00.00'}, '195.176.204.114', 0, 51);
INSERT INTO votes (id, date_created, ip, selection, topic_id) VALUES (63, { ts '1919-10-05 00:00:00.00'}, '150.169.186.249', 0, 68);
INSERT INTO votes (id, date_created, ip, selection, topic_id) VALUES (64, { ts '2005-08-05 00:00:00.00'}, '29.21.80.112', 1, 79);
INSERT INTO votes (id, date_created, ip, selection, topic_id) VALUES (65, { ts '1925-05-08 00:00:00.00'}, '9.155.154.55', 1, 98);
INSERT INTO votes (id, date_created, ip, selection, topic_id) VALUES (66, { ts '1939-07-21 00:00:00.00'}, '155.176.121.81', 1, 18);
INSERT INTO votes (id, date_created, ip, selection, topic_id) VALUES (67, { ts '1992-12-21 00:00:00.00'}, '220.237.175.83', 1, 98);
INSERT INTO votes (id, date_created, ip, selection, topic_id) VALUES (68, { ts '1932-05-17 00:00:00.00'}, '170.74.134.89', 0, 72);
INSERT INTO votes (id, date_created, ip, selection, topic_id) VALUES (69, { ts '1974-07-07 00:00:00.00'}, '107.238.206.94', 0, 9);
INSERT INTO votes (id, date_created, ip, selection, topic_id) VALUES (70, { ts '1976-05-24 00:00:00.00'}, '79.197.172.28', 0, 39);
INSERT INTO votes (id, date_created, ip, selection, topic_id) VALUES (71, { ts '1970-02-14 00:00:00.00'}, '72.124.44.197', 0, 18);
INSERT INTO votes (id, date_created, ip, selection, topic_id) VALUES (72, { ts '1959-09-28 00:00:00.00'}, '206.152.135.148', 0, 98);
INSERT INTO votes (id, date_created, ip, selection, topic_id) VALUES (73, { ts '1938-08-15 00:00:00.00'}, '120.123.146.240', 1, 74);
INSERT INTO votes (id, date_created, ip, selection, topic_id) VALUES (74, { ts '1931-06-10 00:00:00.00'}, '185.18.108.244', 1, 58);
INSERT INTO votes (id, date_created, ip, selection, topic_id) VALUES (75, { ts '1997-12-10 00:00:00.00'}, '102.34.34.174', 0, 5);
INSERT INTO votes (id, date_created, ip, selection, topic_id) VALUES (76, { ts '1929-01-30 00:00:00.00'}, '34.90.46.8', 1, 52);
INSERT INTO votes (id, date_created, ip, selection, topic_id) VALUES (77, { ts '2010-04-19 00:00:00.00'}, '215.147.67.124', 1, 48);
INSERT INTO votes (id, date_created, ip, selection, topic_id) VALUES (78, { ts '1921-06-10 00:00:00.00'}, '93.74.186.179', 0, 69);
INSERT INTO votes (id, date_created, ip, selection, topic_id) VALUES (79, { ts '1955-09-14 00:00:00.00'}, '2.67.197.85', 0, 85);
INSERT INTO votes (id, date_created, ip, selection, topic_id) VALUES (80, { ts '1983-09-14 00:00:00.00'}, '95.27.144.67', 1, 77);
INSERT INTO votes (id, date_created, ip, selection, topic_id) VALUES (81, { ts '1917-09-27 00:00:00.00'}, '8.88.100.4', 1, 38);
INSERT INTO votes (id, date_created, ip, selection, topic_id) VALUES (82, { ts '1958-07-23 00:00:00.00'}, '161.14.43.100', 1, 63);
INSERT INTO votes (id, date_created, ip, selection, topic_id) VALUES (83, { ts '1975-02-24 00:00:00.00'}, '53.147.193.230', 1, 80);
INSERT INTO votes (id, date_created, ip, selection, topic_id) VALUES (84, { ts '1994-09-17 00:00:00.00'}, '145.129.98.219', 1, 22);
INSERT INTO votes (id, date_created, ip, selection, topic_id) VALUES (85, { ts '1932-04-23 00:00:00.00'}, '132.216.218.41', 1, 57);
INSERT INTO votes (id, date_created, ip, selection, topic_id) VALUES (86, { ts '1933-11-09 00:00:00.00'}, '46.8.23.73', 0, 26);
INSERT INTO votes (id, date_created, ip, selection, topic_id) VALUES (87, { ts '1992-05-31 00:00:00.00'}, '191.212.162.153', 1, 81);
INSERT INTO votes (id, date_created, ip, selection, topic_id) VALUES (88, { ts '1937-01-31 00:00:00.00'}, '43.89.144.125', 1, 7);
INSERT INTO votes (id, date_created, ip, selection, topic_id) VALUES (89, { ts '1964-07-23 00:00:00.00'}, '88.119.3.80', 0, 13);
INSERT INTO votes (id, date_created, ip, selection, topic_id) VALUES (90, { ts '1944-04-04 00:00:00.00'}, '136.255.183.231', 1, 42);
INSERT INTO votes (id, date_created, ip, selection, topic_id) VALUES (91, { ts '1903-05-08 00:00:00.00'}, '181.31.208.204', 0, 12);
INSERT INTO votes (id, date_created, ip, selection, topic_id) VALUES (92, { ts '1911-04-09 00:00:00.00'}, '179.111.5.36', 1, 44);
INSERT INTO votes (id, date_created, ip, selection, topic_id) VALUES (93, { ts '1919-09-02 00:00:00.00'}, '103.158.136.110', 0, 82);
INSERT INTO votes (id, date_created, ip, selection, topic_id) VALUES (94, { ts '1945-07-05 00:00:00.00'}, '191.247.88.31', 1, 85);
INSERT INTO votes (id, date_created, ip, selection, topic_id) VALUES (95, { ts '2006-02-17 00:00:00.00'}, '123.66.17.119', 0, 39);
INSERT INTO votes (id, date_created, ip, selection, topic_id) VALUES (96, { ts '1948-01-26 00:00:00.00'}, '87.216.87.80', 0, 41);
INSERT INTO votes (id, date_created, ip, selection, topic_id) VALUES (97, { ts '2011-03-17 00:00:00.00'}, '15.15.101.55', 0, 25);
INSERT INTO votes (id, date_created, ip, selection, topic_id) VALUES (98, { ts '2004-07-31 00:00:00.00'}, '135.17.18.35', 0, 37);
INSERT INTO votes (id, date_created, ip, selection, topic_id) VALUES (99, { ts '1982-05-15 00:00:00.00'}, '117.71.201.188', 1, 58);
INSERT INTO votes (id, date_created, ip, selection, topic_id) VALUES (100, { ts '1946-05-19 00:00:00.00'}, '96.102.50.103', 0, 97);
INSERT INTO votes (id, date_created, ip, selection, topic_id) VALUES (101, { ts '1952-04-05 00:00:00.00'}, '132.25.44.162', 0, 3);
INSERT INTO votes (id, date_created, ip, selection, topic_id) VALUES (102, { ts '1904-03-09 00:00:00.00'}, '121.112.150.5', 1, 89);
INSERT INTO votes (id, date_created, ip, selection, topic_id) VALUES (103, { ts '1941-05-30 00:00:00.00'}, '187.95.221.13', 0, 64);
INSERT INTO votes (id, date_created, ip, selection, topic_id) VALUES (104, { ts '1963-05-09 00:00:00.00'}, '69.237.59.49', 0, 25);
INSERT INTO votes (id, date_created, ip, selection, topic_id) VALUES (105, { ts '1971-03-23 00:00:00.00'}, '179.247.172.188', 0, 76);
INSERT INTO votes (id, date_created, ip, selection, topic_id) VALUES (106, { ts '1933-08-16 00:00:00.00'}, '44.133.89.64', 0, 73);
INSERT INTO votes (id, date_created, ip, selection, topic_id) VALUES (107, { ts '1970-10-19 00:00:00.00'}, '195.255.234.179', 0, 44);
INSERT INTO votes (id, date_created, ip, selection, topic_id) VALUES (108, { ts '1978-03-20 00:00:00.00'}, '95.100.6.247', 0, 16);
INSERT INTO votes (id, date_created, ip, selection, topic_id) VALUES (109, { ts '1942-12-09 00:00:00.00'}, '120.172.0.170', 1, 34);
INSERT INTO votes (id, date_created, ip, selection, topic_id) VALUES (110, { ts '1929-08-30 00:00:00.00'}, '152.248.52.128', 1, 65);
INSERT INTO votes (id, date_created, ip, selection, topic_id) VALUES (111, { ts '2009-09-05 00:00:00.00'}, '158.42.253.81', 1, 37);
INSERT INTO votes (id, date_created, ip, selection, topic_id) VALUES (112, { ts '1935-03-11 00:00:00.00'}, '149.230.22.62', 0, 71);
INSERT INTO votes (id, date_created, ip, selection, topic_id) VALUES (113, { ts '1966-05-03 00:00:00.00'}, '3.117.242.56', 0, 98);
INSERT INTO votes (id, date_created, ip, selection, topic_id) VALUES (114, { ts '1941-02-08 00:00:00.00'}, '103.0.229.124', 0, 61);
INSERT INTO votes (id, date_created, ip, selection, topic_id) VALUES (115, { ts '1979-03-24 00:00:00.00'}, '209.244.184.89', 1, 58);
INSERT INTO votes (id, date_created, ip, selection, topic_id) VALUES (116, { ts '1968-11-26 00:00:00.00'}, '200.102.8.152', 0, 80);
INSERT INTO votes (id, date_created, ip, selection, topic_id) VALUES (117, { ts '1973-06-15 00:00:00.00'}, '38.207.124.237', 1, 17);
INSERT INTO votes (id, date_created, ip, selection, topic_id) VALUES (118, { ts '1992-10-27 00:00:00.00'}, '104.73.228.87', 0, 74);
INSERT INTO votes (id, date_created, ip, selection, topic_id) VALUES (119, { ts '2005-09-05 00:00:00.00'}, '130.45.134.160', 1, 20);
INSERT INTO votes (id, date_created, ip, selection, topic_id) VALUES (120, { ts '1976-01-02 00:00:00.00'}, '207.29.188.139', 1, 88);
INSERT INTO votes (id, date_created, ip, selection, topic_id) VALUES (121, { ts '1928-02-15 00:00:00.00'}, '51.153.32.33', 1, 20);
INSERT INTO votes (id, date_created, ip, selection, topic_id) VALUES (122, { ts '1916-05-31 00:00:00.00'}, '56.105.215.251', 0, 44);
INSERT INTO votes (id, date_created, ip, selection, topic_id) VALUES (123, { ts '1985-12-18 00:00:00.00'}, '136.50.33.211', 0, 90);
INSERT INTO votes (id, date_created, ip, selection, topic_id) VALUES (124, { ts '2011-07-02 00:00:00.00'}, '93.248.173.153', 0, 21);
INSERT INTO votes (id, date_created, ip, selection, topic_id) VALUES (125, { ts '1914-01-14 00:00:00.00'}, '19.255.162.101', 1, 75);
INSERT INTO votes (id, date_created, ip, selection, topic_id) VALUES (126, { ts '1991-12-19 00:00:00.00'}, '56.202.109.29', 0, 42);
INSERT INTO votes (id, date_created, ip, selection, topic_id) VALUES (127, { ts '2006-01-22 00:00:00.00'}, '132.188.104.244', 0, 55);
INSERT INTO votes (id, date_created, ip, selection, topic_id) VALUES (128, { ts '1943-11-13 00:00:00.00'}, '54.166.166.199', 0, 47);
INSERT INTO votes (id, date_created, ip, selection, topic_id) VALUES (129, { ts '1924-08-27 00:00:00.00'}, '177.26.69.119', 0, 8);
INSERT INTO votes (id, date_created, ip, selection, topic_id) VALUES (130, { ts '1990-04-14 00:00:00.00'}, '182.35.189.30', 0, 63);
INSERT INTO votes (id, date_created, ip, selection, topic_id) VALUES (131, { ts '1978-01-07 00:00:00.00'}, '41.168.6.20', 1, 42);
INSERT INTO votes (id, date_created, ip, selection, topic_id) VALUES (132, { ts '1959-01-03 00:00:00.00'}, '99.163.176.180', 1, 93);
INSERT INTO votes (id, date_created, ip, selection, topic_id) VALUES (133, { ts '1970-03-31 00:00:00.00'}, '196.64.122.163', 1, 94);
INSERT INTO votes (id, date_created, ip, selection, topic_id) VALUES (134, { ts '1956-09-03 00:00:00.00'}, '7.136.92.133', 0, 81);
INSERT INTO votes (id, date_created, ip, selection, topic_id) VALUES (135, { ts '1930-09-22 00:00:00.00'}, '179.40.124.194', 0, 54);
INSERT INTO votes (id, date_created, ip, selection, topic_id) VALUES (136, { ts '2002-01-31 00:00:00.00'}, '114.49.109.121', 0, 33);
INSERT INTO votes (id, date_created, ip, selection, topic_id) VALUES (137, { ts '1935-05-18 00:00:00.00'}, '195.170.228.62', 1, 78);
INSERT INTO votes (id, date_created, ip, selection, topic_id) VALUES (138, { ts '1958-01-25 00:00:00.00'}, '209.64.190.90', 0, 81);
INSERT INTO votes (id, date_created, ip, selection, topic_id) VALUES (139, { ts '1938-08-18 00:00:00.00'}, '91.197.102.55', 0, 72);
INSERT INTO votes (id, date_created, ip, selection, topic_id) VALUES (140, { ts '1999-06-15 00:00:00.00'}, '138.186.185.64', 0, 22);
INSERT INTO votes (id, date_created, ip, selection, topic_id) VALUES (141, { ts '1948-09-03 00:00:00.00'}, '3.119.161.226', 1, 38);
INSERT INTO votes (id, date_created, ip, selection, topic_id) VALUES (142, { ts '1971-11-28 00:00:00.00'}, '112.211.118.32', 1, 41);
INSERT INTO votes (id, date_created, ip, selection, topic_id) VALUES (143, { ts '1952-12-24 00:00:00.00'}, '88.57.164.201', 0, 4);
INSERT INTO votes (id, date_created, ip, selection, topic_id) VALUES (144, { ts '1922-04-25 00:00:00.00'}, '185.67.109.57', 0, 40);
INSERT INTO votes (id, date_created, ip, selection, topic_id) VALUES (145, { ts '2013-05-16 00:00:00.00'}, '149.209.185.247', 0, 78);
INSERT INTO votes (id, date_created, ip, selection, topic_id) VALUES (146, { ts '1953-07-26 00:00:00.00'}, '120.207.198.55', 0, 59);
INSERT INTO votes (id, date_created, ip, selection, topic_id) VALUES (147, { ts '1932-12-23 00:00:00.00'}, '64.33.90.26', 0, 88);
INSERT INTO votes (id, date_created, ip, selection, topic_id) VALUES (148, { ts '1998-07-08 00:00:00.00'}, '44.113.78.221', 0, 31);
INSERT INTO votes (id, date_created, ip, selection, topic_id) VALUES (149, { ts '1998-09-19 00:00:00.00'}, '80.85.141.13', 1, 99);
INSERT INTO votes (id, date_created, ip, selection, topic_id) VALUES (150, { ts '1933-02-12 00:00:00.00'}, '142.228.118.206', 0, 24);
INSERT INTO votes (id, date_created, ip, selection, topic_id) VALUES (151, { ts '1932-09-15 00:00:00.00'}, '103.184.213.238', 1, 61);
INSERT INTO votes (id, date_created, ip, selection, topic_id) VALUES (152, { ts '1924-12-12 00:00:00.00'}, '114.99.120.20', 1, 81);
INSERT INTO votes (id, date_created, ip, selection, topic_id) VALUES (153, { ts '2004-09-25 00:00:00.00'}, '71.227.19.39', 1, 76);
INSERT INTO votes (id, date_created, ip, selection, topic_id) VALUES (154, { ts '1928-05-04 00:00:00.00'}, '190.82.22.49', 1, 6);
INSERT INTO votes (id, date_created, ip, selection, topic_id) VALUES (155, { ts '2011-07-28 00:00:00.00'}, '149.179.72.204', 0, 78);
INSERT INTO votes (id, date_created, ip, selection, topic_id) VALUES (156, { ts '1988-10-22 00:00:00.00'}, '162.149.119.192', 0, 22);
INSERT INTO votes (id, date_created, ip, selection, topic_id) VALUES (157, { ts '1969-12-20 00:00:00.00'}, '53.93.217.228', 0, 80);
INSERT INTO votes (id, date_created, ip, selection, topic_id) VALUES (158, { ts '1954-04-24 00:00:00.00'}, '218.117.141.207', 1, 45);
INSERT INTO votes (id, date_created, ip, selection, topic_id) VALUES (159, { ts '1973-10-12 00:00:00.00'}, '151.53.159.14', 0, 94);
INSERT INTO votes (id, date_created, ip, selection, topic_id) VALUES (160, { ts '2006-11-12 00:00:00.00'}, '41.217.206.219', 1, 39);
INSERT INTO votes (id, date_created, ip, selection, topic_id) VALUES (161, { ts '1941-01-10 00:00:00.00'}, '118.225.47.247', 1, 30);
INSERT INTO votes (id, date_created, ip, selection, topic_id) VALUES (162, { ts '1962-03-13 00:00:00.00'}, '189.87.133.124', 1, 38);
INSERT INTO votes (id, date_created, ip, selection, topic_id) VALUES (163, { ts '1950-03-10 00:00:00.00'}, '9.201.114.183', 1, 47);
INSERT INTO votes (id, date_created, ip, selection, topic_id) VALUES (164, { ts '1972-08-28 00:00:00.00'}, '160.128.234.113', 0, 46);
INSERT INTO votes (id, date_created, ip, selection, topic_id) VALUES (165, { ts '1942-06-24 00:00:00.00'}, '179.186.155.109', 0, 15);
INSERT INTO votes (id, date_created, ip, selection, topic_id) VALUES (166, { ts '1963-06-29 00:00:00.00'}, '145.104.146.219', 1, 58);
INSERT INTO votes (id, date_created, ip, selection, topic_id) VALUES (167, { ts '1989-12-21 00:00:00.00'}, '22.184.225.202', 1, 97);
INSERT INTO votes (id, date_created, ip, selection, topic_id) VALUES (168, { ts '1947-10-22 00:00:00.00'}, '167.124.79.2', 0, 73);
INSERT INTO votes (id, date_created, ip, selection, topic_id) VALUES (169, { ts '1999-01-26 00:00:00.00'}, '221.217.46.202', 0, 8);
INSERT INTO votes (id, date_created, ip, selection, topic_id) VALUES (170, { ts '1982-08-29 00:00:00.00'}, '145.40.252.125', 0, 8);
INSERT INTO votes (id, date_created, ip, selection, topic_id) VALUES (171, { ts '1945-06-30 00:00:00.00'}, '151.130.91.77', 0, 5);
INSERT INTO votes (id, date_created, ip, selection, topic_id) VALUES (172, { ts '1910-05-20 00:00:00.00'}, '139.95.38.171', 0, 90);
INSERT INTO votes (id, date_created, ip, selection, topic_id) VALUES (173, { ts '1996-05-13 00:00:00.00'}, '24.51.84.240', 0, 91);
INSERT INTO votes (id, date_created, ip, selection, topic_id) VALUES (174, { ts '1961-03-26 00:00:00.00'}, '175.127.137.45', 1, 40);
INSERT INTO votes (id, date_created, ip, selection, topic_id) VALUES (175, { ts '1926-09-23 00:00:00.00'}, '11.140.38.221', 0, 84);
INSERT INTO votes (id, date_created, ip, selection, topic_id) VALUES (176, { ts '1906-06-08 00:00:00.00'}, '15.85.215.77', 0, 53);
INSERT INTO votes (id, date_created, ip, selection, topic_id) VALUES (177, { ts '1927-02-21 00:00:00.00'}, '178.239.198.159', 1, 84);
INSERT INTO votes (id, date_created, ip, selection, topic_id) VALUES (178, { ts '1957-09-14 00:00:00.00'}, '154.151.112.140', 0, 1);
INSERT INTO votes (id, date_created, ip, selection, topic_id) VALUES (179, { ts '1917-03-15 00:00:00.00'}, '53.244.59.230', 1, 20);
INSERT INTO votes (id, date_created, ip, selection, topic_id) VALUES (180, { ts '1968-07-01 00:00:00.00'}, '130.65.215.160', 1, 80);
INSERT INTO votes (id, date_created, ip, selection, topic_id) VALUES (181, { ts '2003-05-14 00:00:00.00'}, '183.165.57.1', 1, 56);
INSERT INTO votes (id, date_created, ip, selection, topic_id) VALUES (182, { ts '1935-07-07 00:00:00.00'}, '108.179.249.113', 1, 20);
INSERT INTO votes (id, date_created, ip, selection, topic_id) VALUES (183, { ts '1950-01-15 00:00:00.00'}, '82.206.218.14', 1, 46);
INSERT INTO votes (id, date_created, ip, selection, topic_id) VALUES (184, { ts '2006-09-29 00:00:00.00'}, '185.102.129.231', 1, 94);
INSERT INTO votes (id, date_created, ip, selection, topic_id) VALUES (185, { ts '1957-03-27 00:00:00.00'}, '168.93.134.38', 0, 41);
INSERT INTO votes (id, date_created, ip, selection, topic_id) VALUES (186, { ts '1946-01-30 00:00:00.00'}, '143.3.120.21', 1, 4);
INSERT INTO votes (id, date_created, ip, selection, topic_id) VALUES (187, { ts '1945-02-28 00:00:00.00'}, '8.97.20.150', 0, 37);
INSERT INTO votes (id, date_created, ip, selection, topic_id) VALUES (188, { ts '2012-03-28 00:00:00.00'}, '125.194.45.108', 0, 54);
INSERT INTO votes (id, date_created, ip, selection, topic_id) VALUES (189, { ts '1966-12-17 00:00:00.00'}, '1.72.231.14', 0, 72);
INSERT INTO votes (id, date_created, ip, selection, topic_id) VALUES (190, { ts '1969-04-15 00:00:00.00'}, '189.192.59.190', 0, 5);
INSERT INTO votes (id, date_created, ip, selection, topic_id) VALUES (191, { ts '1925-05-18 00:00:00.00'}, '36.176.60.219', 0, 26);
INSERT INTO votes (id, date_created, ip, selection, topic_id) VALUES (192, { ts '1981-10-16 00:00:00.00'}, '205.106.88.177', 1, 17);
INSERT INTO votes (id, date_created, ip, selection, topic_id) VALUES (193, { ts '1982-03-30 00:00:00.00'}, '21.195.196.209', 0, 29);
INSERT INTO votes (id, date_created, ip, selection, topic_id) VALUES (194, { ts '1905-04-04 00:00:00.00'}, '176.208.30.111', 1, 93);
INSERT INTO votes (id, date_created, ip, selection, topic_id) VALUES (195, { ts '1962-10-19 00:00:00.00'}, '190.83.60.250', 1, 17);
INSERT INTO votes (id, date_created, ip, selection, topic_id) VALUES (196, { ts '1928-04-27 00:00:00.00'}, '56.54.142.81', 0, 75);
INSERT INTO votes (id, date_created, ip, selection, topic_id) VALUES (197, { ts '2000-06-04 00:00:00.00'}, '205.247.226.163', 0, 92);
INSERT INTO votes (id, date_created, ip, selection, topic_id) VALUES (198, { ts '1931-11-28 00:00:00.00'}, '200.149.39.58', 0, 18);
INSERT INTO votes (id, date_created, ip, selection, topic_id) VALUES (199, { ts '1984-02-26 00:00:00.00'}, '26.253.93.191', 1, 25);
INSERT INTO votes (id, date_created, ip, selection, topic_id) VALUES (200, { ts '1976-08-28 00:00:00.00'}, '213.169.249.18', 1, 38);
INSERT INTO votes (id, date_created, ip, selection, topic_id) VALUES (201, { ts '1984-07-10 00:00:00.00'}, '64.23.92.208', 1, 93);
INSERT INTO votes (id, date_created, ip, selection, topic_id) VALUES (202, { ts '1980-10-20 00:00:00.00'}, '75.146.175.233', 0, 8);
INSERT INTO votes (id, date_created, ip, selection, topic_id) VALUES (203, { ts '1910-02-11 00:00:00.00'}, '85.63.230.210', 0, 48);
INSERT INTO votes (id, date_created, ip, selection, topic_id) VALUES (204, { ts '1912-04-11 00:00:00.00'}, '156.176.55.198', 0, 85);
INSERT INTO votes (id, date_created, ip, selection, topic_id) VALUES (205, { ts '2000-05-03 00:00:00.00'}, '59.70.248.144', 1, 57);
INSERT INTO votes (id, date_created, ip, selection, topic_id) VALUES (206, { ts '1939-09-29 00:00:00.00'}, '62.10.128.207', 0, 76);
INSERT INTO votes (id, date_created, ip, selection, topic_id) VALUES (207, { ts '1914-03-05 00:00:00.00'}, '125.126.156.170', 0, 84);
INSERT INTO votes (id, date_created, ip, selection, topic_id) VALUES (208, { ts '2004-05-23 00:00:00.00'}, '152.65.246.74', 1, 81);
INSERT INTO votes (id, date_created, ip, selection, topic_id) VALUES (209, { ts '1960-11-09 00:00:00.00'}, '144.158.79.101', 1, 60);
INSERT INTO votes (id, date_created, ip, selection, topic_id) VALUES (210, { ts '1928-02-24 00:00:00.00'}, '162.56.225.20', 1, 85);
INSERT INTO votes (id, date_created, ip, selection, topic_id) VALUES (211, { ts '1965-05-10 00:00:00.00'}, '128.21.236.188', 0, 45);
INSERT INTO votes (id, date_created, ip, selection, topic_id) VALUES (212, { ts '1999-10-14 00:00:00.00'}, '190.26.74.92', 1, 7);
INSERT INTO votes (id, date_created, ip, selection, topic_id) VALUES (213, { ts '1987-05-06 00:00:00.00'}, '2.121.177.34', 1, 25);
INSERT INTO votes (id, date_created, ip, selection, topic_id) VALUES (214, { ts '1985-03-01 00:00:00.00'}, '68.186.252.224', 1, 46);
INSERT INTO votes (id, date_created, ip, selection, topic_id) VALUES (215, { ts '1921-03-23 00:00:00.00'}, '164.40.161.215', 0, 73);
INSERT INTO votes (id, date_created, ip, selection, topic_id) VALUES (216, { ts '1999-04-29 00:00:00.00'}, '111.43.220.193', 1, 67);
INSERT INTO votes (id, date_created, ip, selection, topic_id) VALUES (217, { ts '1928-05-17 00:00:00.00'}, '180.57.142.20', 0, 23);
INSERT INTO votes (id, date_created, ip, selection, topic_id) VALUES (218, { ts '1932-08-24 00:00:00.00'}, '80.125.10.126', 0, 89);
INSERT INTO votes (id, date_created, ip, selection, topic_id) VALUES (219, { ts '1990-03-17 00:00:00.00'}, '115.205.148.74', 0, 34);
INSERT INTO votes (id, date_created, ip, selection, topic_id) VALUES (220, { ts '1928-12-25 00:00:00.00'}, '3.34.67.35', 1, 50);
INSERT INTO votes (id, date_created, ip, selection, topic_id) VALUES (221, { ts '1925-07-11 00:00:00.00'}, '11.148.72.79', 1, 11);
INSERT INTO votes (id, date_created, ip, selection, topic_id) VALUES (222, { ts '2004-12-10 00:00:00.00'}, '166.44.242.88', 0, 68);
INSERT INTO votes (id, date_created, ip, selection, topic_id) VALUES (223, { ts '1998-07-07 00:00:00.00'}, '29.167.155.142', 1, 76);
INSERT INTO votes (id, date_created, ip, selection, topic_id) VALUES (224, { ts '1927-05-17 00:00:00.00'}, '87.18.68.215', 0, 6);
INSERT INTO votes (id, date_created, ip, selection, topic_id) VALUES (225, { ts '1995-07-09 00:00:00.00'}, '4.145.53.165', 1, 91);
INSERT INTO votes (id, date_created, ip, selection, topic_id) VALUES (226, { ts '1946-12-27 00:00:00.00'}, '3.33.139.107', 0, 57);
INSERT INTO votes (id, date_created, ip, selection, topic_id) VALUES (227, { ts '2008-12-08 00:00:00.00'}, '1.151.19.74', 1, 70);
INSERT INTO votes (id, date_created, ip, selection, topic_id) VALUES (228, { ts '1927-04-11 00:00:00.00'}, '39.33.34.218', 1, 99);
INSERT INTO votes (id, date_created, ip, selection, topic_id) VALUES (229, { ts '1971-10-29 00:00:00.00'}, '104.174.17.208', 1, 69);
INSERT INTO votes (id, date_created, ip, selection, topic_id) VALUES (230, { ts '1951-01-09 00:00:00.00'}, '29.94.114.64', 0, 52);
INSERT INTO votes (id, date_created, ip, selection, topic_id) VALUES (231, { ts '1945-09-15 00:00:00.00'}, '146.129.247.44', 0, 90);
INSERT INTO votes (id, date_created, ip, selection, topic_id) VALUES (232, { ts '1933-11-02 00:00:00.00'}, '140.83.50.217', 0, 14);
INSERT INTO votes (id, date_created, ip, selection, topic_id) VALUES (233, { ts '1988-05-18 00:00:00.00'}, '13.195.210.106', 1, 95);
INSERT INTO votes (id, date_created, ip, selection, topic_id) VALUES (234, { ts '1965-04-06 00:00:00.00'}, '90.243.215.10', 1, 41);
INSERT INTO votes (id, date_created, ip, selection, topic_id) VALUES (235, { ts '1924-08-29 00:00:00.00'}, '143.78.211.187', 1, 65);
INSERT INTO votes (id, date_created, ip, selection, topic_id) VALUES (236, { ts '1919-01-06 00:00:00.00'}, '200.127.216.97', 1, 56);
INSERT INTO votes (id, date_created, ip, selection, topic_id) VALUES (237, { ts '1902-11-06 00:00:00.00'}, '101.66.245.176', 0, 65);
INSERT INTO votes (id, date_created, ip, selection, topic_id) VALUES (238, { ts '2013-06-18 00:00:00.00'}, '73.228.154.177', 0, 57);
INSERT INTO votes (id, date_created, ip, selection, topic_id) VALUES (239, { ts '1961-12-02 00:00:00.00'}, '65.110.198.90', 0, 55);
INSERT INTO votes (id, date_created, ip, selection, topic_id) VALUES (240, { ts '1960-06-30 00:00:00.00'}, '122.186.41.63', 1, 27);
INSERT INTO votes (id, date_created, ip, selection, topic_id) VALUES (241, { ts '1996-02-05 00:00:00.00'}, '161.194.61.82', 0, 41);
INSERT INTO votes (id, date_created, ip, selection, topic_id) VALUES (242, { ts '1995-04-10 00:00:00.00'}, '94.197.255.192', 1, 25);
INSERT INTO votes (id, date_created, ip, selection, topic_id) VALUES (243, { ts '1962-06-14 00:00:00.00'}, '86.148.62.176', 0, 3);
INSERT INTO votes (id, date_created, ip, selection, topic_id) VALUES (244, { ts '1952-11-08 00:00:00.00'}, '160.243.163.43', 1, 81);
INSERT INTO votes (id, date_created, ip, selection, topic_id) VALUES (245, { ts '1916-11-14 00:00:00.00'}, '37.220.221.127', 1, 6);
INSERT INTO votes (id, date_created, ip, selection, topic_id) VALUES (246, { ts '2000-10-17 00:00:00.00'}, '110.6.0.162', 0, 21);
INSERT INTO votes (id, date_created, ip, selection, topic_id) VALUES (247, { ts '1923-05-15 00:00:00.00'}, '43.101.15.101', 0, 59);
INSERT INTO votes (id, date_created, ip, selection, topic_id) VALUES (248, { ts '1960-01-16 00:00:00.00'}, '130.70.177.242', 0, 74);
INSERT INTO votes (id, date_created, ip, selection, topic_id) VALUES (249, { ts '1941-09-15 00:00:00.00'}, '139.158.248.193', 1, 69);
INSERT INTO votes (id, date_created, ip, selection, topic_id) VALUES (250, { ts '2006-02-24 00:00:00.00'}, '131.45.4.76', 0, 33);
INSERT INTO votes (id, date_created, ip, selection, topic_id) VALUES (251, { ts '1955-07-16 00:00:00.00'}, '109.204.49.144', 1, 76);
INSERT INTO votes (id, date_created, ip, selection, topic_id) VALUES (252, { ts '1969-04-08 00:00:00.00'}, '220.34.183.121', 1, 65);
INSERT INTO votes (id, date_created, ip, selection, topic_id) VALUES (253, { ts '1937-08-21 00:00:00.00'}, '51.186.26.226', 1, 37);
INSERT INTO votes (id, date_created, ip, selection, topic_id) VALUES (254, { ts '1973-09-04 00:00:00.00'}, '48.139.206.74', 1, 14);
INSERT INTO votes (id, date_created, ip, selection, topic_id) VALUES (255, { ts '2007-08-27 00:00:00.00'}, '206.89.12.208', 0, 33);
INSERT INTO votes (id, date_created, ip, selection, topic_id) VALUES (256, { ts '1908-10-17 00:00:00.00'}, '16.16.152.107', 1, 44);
INSERT INTO votes (id, date_created, ip, selection, topic_id) VALUES (257, { ts '1902-01-21 00:00:00.00'}, '210.201.243.50', 0, 71);
INSERT INTO votes (id, date_created, ip, selection, topic_id) VALUES (258, { ts '1934-01-17 00:00:00.00'}, '181.86.51.164', 0, 73);
INSERT INTO votes (id, date_created, ip, selection, topic_id) VALUES (259, { ts '1998-07-01 00:00:00.00'}, '36.150.66.37', 0, 69);
INSERT INTO votes (id, date_created, ip, selection, topic_id) VALUES (260, { ts '1998-06-21 00:00:00.00'}, '196.220.47.239', 1, 8);
INSERT INTO votes (id, date_created, ip, selection, topic_id) VALUES (261, { ts '2006-11-19 00:00:00.00'}, '185.33.147.185', 0, 27);
INSERT INTO votes (id, date_created, ip, selection, topic_id) VALUES (262, { ts '1935-10-17 00:00:00.00'}, '167.42.240.40', 0, 12);
INSERT INTO votes (id, date_created, ip, selection, topic_id) VALUES (263, { ts '1908-10-07 00:00:00.00'}, '68.97.27.158', 0, 1);
INSERT INTO votes (id, date_created, ip, selection, topic_id) VALUES (264, { ts '1975-01-24 00:00:00.00'}, '121.14.89.50', 1, 49);
INSERT INTO votes (id, date_created, ip, selection, topic_id) VALUES (265, { ts '1912-02-23 00:00:00.00'}, '183.108.8.191', 1, 50);
INSERT INTO votes (id, date_created, ip, selection, topic_id) VALUES (266, { ts '1958-12-05 00:00:00.00'}, '74.22.108.84', 0, 79);
INSERT INTO votes (id, date_created, ip, selection, topic_id) VALUES (267, { ts '1923-06-26 00:00:00.00'}, '161.165.245.88', 1, 70);
INSERT INTO votes (id, date_created, ip, selection, topic_id) VALUES (268, { ts '1967-04-05 00:00:00.00'}, '180.11.232.215', 1, 97);
INSERT INTO votes (id, date_created, ip, selection, topic_id) VALUES (269, { ts '1949-10-11 00:00:00.00'}, '38.184.215.203', 1, 77);
INSERT INTO votes (id, date_created, ip, selection, topic_id) VALUES (270, { ts '1910-01-08 00:00:00.00'}, '138.78.39.197', 1, 25);
INSERT INTO votes (id, date_created, ip, selection, topic_id) VALUES (271, { ts '1974-03-30 00:00:00.00'}, '221.70.221.98', 1, 48);
INSERT INTO votes (id, date_created, ip, selection, topic_id) VALUES (272, { ts '1916-05-07 00:00:00.00'}, '48.249.220.59', 0, 72);
INSERT INTO votes (id, date_created, ip, selection, topic_id) VALUES (273, { ts '1978-12-11 00:00:00.00'}, '125.80.13.89', 0, 31);
INSERT INTO votes (id, date_created, ip, selection, topic_id) VALUES (274, { ts '1929-12-23 00:00:00.00'}, '105.245.125.244', 1, 33);
INSERT INTO votes (id, date_created, ip, selection, topic_id) VALUES (275, { ts '1986-05-24 00:00:00.00'}, '208.49.161.224', 0, 99);
INSERT INTO votes (id, date_created, ip, selection, topic_id) VALUES (276, { ts '1910-01-21 00:00:00.00'}, '87.220.151.32', 0, 16);
INSERT INTO votes (id, date_created, ip, selection, topic_id) VALUES (277, { ts '1917-07-29 00:00:00.00'}, '93.242.170.174', 0, 52);
INSERT INTO votes (id, date_created, ip, selection, topic_id) VALUES (278, { ts '1937-11-18 00:00:00.00'}, '85.151.60.201', 1, 23);
INSERT INTO votes (id, date_created, ip, selection, topic_id) VALUES (279, { ts '1981-11-05 00:00:00.00'}, '215.97.191.37', 1, 35);
INSERT INTO votes (id, date_created, ip, selection, topic_id) VALUES (280, { ts '1928-03-31 00:00:00.00'}, '129.56.102.66', 0, 65);
INSERT INTO votes (id, date_created, ip, selection, topic_id) VALUES (281, { ts '1930-10-14 00:00:00.00'}, '215.51.101.195', 0, 72);
INSERT INTO votes (id, date_created, ip, selection, topic_id) VALUES (282, { ts '1933-06-08 00:00:00.00'}, '57.118.34.142', 1, 90);
INSERT INTO votes (id, date_created, ip, selection, topic_id) VALUES (283, { ts '1964-04-28 00:00:00.00'}, '43.170.27.176', 1, 65);
INSERT INTO votes (id, date_created, ip, selection, topic_id) VALUES (284, { ts '1997-01-17 00:00:00.00'}, '190.173.224.173', 1, 5);
INSERT INTO votes (id, date_created, ip, selection, topic_id) VALUES (285, { ts '1913-07-05 00:00:00.00'}, '97.60.67.212', 1, 6);
INSERT INTO votes (id, date_created, ip, selection, topic_id) VALUES (286, { ts '1945-08-15 00:00:00.00'}, '108.6.79.181', 0, 46);
INSERT INTO votes (id, date_created, ip, selection, topic_id) VALUES (287, { ts '1959-03-10 00:00:00.00'}, '62.187.215.121', 0, 60);
INSERT INTO votes (id, date_created, ip, selection, topic_id) VALUES (288, { ts '1996-01-19 00:00:00.00'}, '4.252.249.45', 1, 7);
INSERT INTO votes (id, date_created, ip, selection, topic_id) VALUES (289, { ts '1901-02-01 00:00:00.00'}, '179.22.65.249', 1, 27);
INSERT INTO votes (id, date_created, ip, selection, topic_id) VALUES (290, { ts '1932-09-19 00:00:00.00'}, '66.16.70.200', 1, 54);
INSERT INTO votes (id, date_created, ip, selection, topic_id) VALUES (291, { ts '1919-01-26 00:00:00.00'}, '199.190.181.178', 0, 2);
INSERT INTO votes (id, date_created, ip, selection, topic_id) VALUES (292, { ts '1956-09-08 00:00:00.00'}, '28.182.30.76', 0, 71);
INSERT INTO votes (id, date_created, ip, selection, topic_id) VALUES (293, { ts '1935-01-17 00:00:00.00'}, '85.74.25.243', 0, 46);
INSERT INTO votes (id, date_created, ip, selection, topic_id) VALUES (294, { ts '1937-02-15 00:00:00.00'}, '123.220.75.13', 0, 96);
INSERT INTO votes (id, date_created, ip, selection, topic_id) VALUES (295, { ts '1999-07-20 00:00:00.00'}, '31.93.245.250', 0, 64);
INSERT INTO votes (id, date_created, ip, selection, topic_id) VALUES (296, { ts '1966-08-19 00:00:00.00'}, '20.14.158.170', 1, 56);
INSERT INTO votes (id, date_created, ip, selection, topic_id) VALUES (297, { ts '1912-11-21 00:00:00.00'}, '77.107.64.35', 1, 42);
INSERT INTO votes (id, date_created, ip, selection, topic_id) VALUES (298, { ts '1951-11-15 00:00:00.00'}, '217.245.117.66', 0, 37);
INSERT INTO votes (id, date_created, ip, selection, topic_id) VALUES (299, { ts '1955-04-19 00:00:00.00'}, '103.231.70.126', 0, 47);
INSERT INTO votes (id, date_created, ip, selection, topic_id) VALUES (300, { ts '1917-11-12 00:00:00.00'}, '77.147.124.35', 1, 37);

